{
  "refusal_rate_before": 1.0,
  "refusal_rate_before_harmless": 0.07333333333333333,
  "refusal_rate_after": 0.006666666666666667,
  "refusal_rate_after_harmless": 0.02666666666666667,
  "best_layer": 22,
  "seed": 42
}